{
  "train_losses": [
    8.179494915938958,
    1.5373269850161018,
    0.5694273019709238,
    0.5130649852316554,
    0.46268663373662205,
    0.46187960501851105,
    0.4474476036138651,
    0.4424190835618391,
    0.4246962095906095,
    0.414250299697969,
    0.4065055500079946,
    0.5134174691104307,
    0.44680403518240625,
    0.42126474384127593,
    0.42765356200497323,
    0.40342507256967264,
    0.4008810382063796,
    0.39960422712128335,
    0.40694283712201,
    0.4038073836666782
  ],
  "val_losses": [
    2.8719958066940308,
    0.48185047258933383,
    0.4194514254728953,
    0.3871154859662056,
    0.40825098132093746,
    0.4250330713888009,
    0.3570227970679601,
    0.3737098202109337,
    0.3270686057706674,
    0.366080429404974,
    0.3734435016910235,
    0.37265132119258243,
    0.3687037105361621,
    0.3155475743114948,
    0.3933720017472903,
    0.40141799052556354,
    0.31300104781985283,
    0.32491852591435116,
    0.3506941869854927,
    0.3412510206302007
  ]
}